INSERT INTO words (word_id, word, definition) VALUES
(1, 'water', '水'),
(2, 'fire', '火'),
(3, 'book', '書'),
(4, 'pen', '筆'),
(5, 'table', '桌子'),
(6, 'chair', '椅子'),
(7, 'door', '門'),
(8, 'window', '窗戶'),
(9, 'cat', '貓'),
(10, 'dog', '狗'),
(11, 'fish', '魚'),
(12, 'bird', '鳥'),
(13, 'apple', '蘋果'),
(14, 'banana', '香蕉'),
(15, 'milk', '牛奶'),
(16, 'bread', '麵包'),
(17, 'teacher', '老師'),
(18, 'student', '學生'),
(19, 'computer', '電腦'),
(20, 'phone', '手機'),
(21, 'hello', '哈囉'),
(22, 'goodbye', '再見'),
(23, 'thanks', '謝謝'),
(24, 'sorry', '對不起'),
(25, 'yes', '是'),
(26, 'no', '不是'),
(27, 'please', '請'),
(28, 'excuse', '不好意思'),
(29, 'morning', '早上'),
(30, 'night', '晚上'),
(31, 'today', '今天'),
(32, 'tomorrow', '明天'),
(33, 'now', '現在'),
(34, 'later', '之後'),
(35, 'where', '哪裡'),
(36, 'when', '什麼時候'),
(37, 'who', '誰'),
(38, 'what', '什麼'),
(39, 'how', '怎麼'),
(40, 'why', '為什麼'),
(41, 'school', '學校'),
(42, 'student', '學生'),
(43, 'teacher', '老師'),
(44, 'class', '班級'),
(45, 'subject', '科目'),
(46, 'exam', '考試'),
(47, 'question', '問題'),
(48, 'answer', '答案'),
(49, 'blackboard', '黑板'),
(50, 'pencil', '鉛筆'),
(51, 'eraser', '橡皮擦'),
(52, 'ruler', '尺'),
(53, 'backpack', '書包'),
(54, 'uniform', '制服'),
(55, 'bell', '鈴聲'),
(56, 'break', '下課'),
(57, 'homework', '作業'),
(58, 'grade', '分數'),
(59, 'recess', '課間休息'),
(60, 'library', '圖書館'),
(61, 'factory', '工廠'),
(62, 'engineer', '工程師'),
(63, 'mechanic', '技工'),
(64, 'machine', '機器'),
(65, 'electricity', '電力'),
(66, 'cable', '電纜'),
(67, 'repair', '修理'),
(68, 'safety', '安全'),
(69, 'helmet', '安全帽'),
(70, 'gloves', '手套'),
(71, 'elevator', '電梯'),
(72, 'basement', '地下室'),
(73, 'material', '材料'),
(74, 'surface', '表面'),
(75, 'measure', '測量'),
(76, 'power', '電源'),
(77, 'switch', '開關'),
(78, 'voltage', '電壓'),
(79, 'pipe', '管子'),
(80, 'toolbox', '工具箱'),
(81, 'achieve', '達成'),
(82, 'discover', '發現'),
(83, 'prefer', '偏好'),
(84, 'prevent', '預防'),
(85, 'describe', '描述'),
(86, 'suggest', '建議'),
(87, 'include', '包含'),
(88, 'compare', '比較'),
(89, 'provide', '提供'),
(90, 'increase', '增加'),
(91, 'reduce', '減少'),
(92, 'develop', '發展'),
(93, 'influence', '影響'),
(94, 'recommend', '推薦'),
(95, 'participate', '參加'),
(96, 'volunteer', '志工'),
(97, 'environment', '環境'),
(98, 'communication', '溝通'),
(99, 'technology', '科技'),
(100, 'challenge', '挑戰'),
(101, 'applicant', '申請人'),
(102, 'resume', '履歷'),
(103, 'interview', '面試'),
(104, 'employee', '員工'),
(105, 'employer', '雇主'),
(106, 'salary', '薪水'),
(107, 'promotion', '升遷'),
(108, 'schedule', '行程'),
(109, 'conference', '會議'),
(110, 'contract', '合約'),
(111, 'department', '部門'),
(112, 'manager', '經理'),
(113, 'colleague', '同事'),
(114, 'client', '客戶'),
(115, 'project', '專案'),
(116, 'deadline', '截止日'),
(117, 'shipment', '運送'),
(118, 'invoice', '發票'),
(119, 'profit', '利潤'),
(120, 'advertisement', '廣告'),
(121, 'academic', '學術的'),
(122, 'analysis', '分析'),
(123, 'approach', '方法／途徑'),
(124, 'assess', '評估'),
(125, 'benefit', '好處'),
(126, 'concept', '概念'),
(127, 'context', '上下文'),
(128, 'data', '數據'),
(129, 'environment', '環境'),
(130, 'factor', '因素'),
(131, 'function', '功能'),
(132, 'identify', '辨認'),
(133, 'impact', '影響'),
(134, 'indicate', '指出'),
(135, 'method', '方法'),
(136, 'policy', '政策'),
(137, 'process', '過程'),
(138, 'research', '研究'),
(139, 'role', '角色'),
(140, 'source', '來源'),
(141, 'hypothesis', '假設'),
(142, 'phenomenon', '現象'),
(143, 'significant', '重要的'),
(144, 'assume', '假定'),
(145, 'estimate', '估計'),
(146, 'theory', '理論'),
(147, 'conclude', '得出結論'),
(148, 'evident', '明顯的'),
(149, 'illustrate', '說明／圖解'),
(150, 'evaluate', '評估'),
(151, 'derive', '得自／導出'),
(152, 'vary', '改變／不同'),
(153, 'distribute', '分配'),
(154, 'maintain', '維持'),
(155, 'acquire', '獲得'),
(156, 'conduct', '進行／實施'),
(157, 'distinct', '明確的／不同的'),
(158, 'facilitate', '促進'),
(159, 'strategy', '策略'),
(160, 'interpretation', '解釋');

INSERT INTO word_sets (word_sets_id, set_name, user_id) VALUES
(1, '基礎單字', 'user0001'),
(2, '日常用語', 'user0001'),
(3, '會考單字', 'user0001'),
(4, '統測單字', 'user0001'),
(5, '學測單字', 'user0001'),
(6, '多益 TOEIC', 'user0001'),
(7, '雅思 IELTS', 'user0001'),
(8, '托福 TOEFL', 'user0001')

INSERT INTO users (user_id, name) VALUES
('user0001', 'Developer');

INSERT INTO word_sets_words (word_sets_words_id, word_id, word_sets_id, added_at) VALUES
(1, 1, 1, '2025-06-21 00:00:00'),
(2, 2, 1, '2025-06-21 00:00:00'),
(3, 3, 1, '2025-06-21 00:00:00'),
(4, 4, 1, '2025-06-21 00:00:00'),
(5, 5, 1, '2025-06-21 00:00:00'),
(6, 6, 1, '2025-06-21 00:00:00'),
(7, 7, 1, '2025-06-21 00:00:00'),
(8, 8, 1, '2025-06-21 00:00:00'),
(9, 9, 1, '2025-06-21 00:00:00'),
(10, 10, 1, '2025-06-21 00:00:00'),
(11, 11, 1, '2025-06-21 00:00:00'),
(12, 12, 1, '2025-06-21 00:00:00'),
(13, 13, 1, '2025-06-21 00:00:00'),
(14, 14, 1, '2025-06-21 00:00:00'),
(15, 15, 1, '2025-06-21 00:00:00'),
(16, 16, 1, '2025-06-21 00:00:00'),
(17, 17, 1, '2025-06-21 00:00:00'),
(18, 18, 1, '2025-06-21 00:00:00'),
(19, 19, 1, '2025-06-21 00:00:00'),
(20, 20, 1, '2025-06-21 00:00:00'),
(21, 21, 2, '2025-06-21 00:00:00'),
(22, 22, 2, '2025-06-21 00:00:00'),
(23, 23, 2, '2025-06-21 00:00:00'),
(24, 24, 2, '2025-06-21 00:00:00'),
(25, 25, 2, '2025-06-21 00:00:00'),
(26, 26, 2, '2025-06-21 00:00:00'),
(27, 27, 2, '2025-06-21 00:00:00'),
(28, 28, 2, '2025-06-21 00:00:00'),
(29, 29, 2, '2025-06-21 00:00:00'),
(30, 30, 2, '2025-06-21 00:00:00'),
(31, 31, 2, '2025-06-21 00:00:00'),
(32, 32, 2, '2025-06-21 00:00:00'),
(33, 33, 2, '2025-06-21 00:00:00'),
(34, 34, 2, '2025-06-21 00:00:00'),
(35, 35, 2, '2025-06-21 00:00:00'),
(36, 36, 2, '2025-06-21 00:00:00'),
(37, 37, 2, '2025-06-21 00:00:00'),
(38, 38, 2, '2025-06-21 00:00:00'),
(39, 39, 2, '2025-06-21 00:00:00'),
(40, 40, 2, '2025-06-21 00:00:00'),
(41, 41, 3, '2025-06-21 00:00:00'),
(42, 42, 3, '2025-06-21 00:00:00'),
(43, 43, 3, '2025-06-21 00:00:00'),
(44, 44, 3, '2025-06-21 00:00:00'),
(45, 45, 3, '2025-06-21 00:00:00'),
(46, 46, 3, '2025-06-21 00:00:00'),
(47, 47, 3, '2025-06-21 00:00:00'),
(48, 48, 3, '2025-06-21 00:00:00'),
(49, 49, 3, '2025-06-21 00:00:00'),
(50, 50, 3, '2025-06-21 00:00:00'),
(51, 51, 3, '2025-06-21 00:00:00'),
(52, 52, 3, '2025-06-21 00:00:00'),
(53, 53, 3, '2025-06-21 00:00:00'),
(54, 54, 3, '2025-06-21 00:00:00'),
(55, 55, 3, '2025-06-21 00:00:00'),
(56, 56, 3, '2025-06-21 00:00:00'),
(57, 57, 3, '2025-06-21 00:00:00'),
(58, 58, 3, '2025-06-21 00:00:00'),
(59, 59, 3, '2025-06-21 00:00:00'),
(60, 60, 3, '2025-06-21 00:00:00'),
(61, 61, 4, '2025-06-21 00:00:00'),
(62, 62, 4, '2025-06-21 00:00:00'),
(63, 63, 4, '2025-06-21 00:00:00'),
(64, 64, 4, '2025-06-21 00:00:00'),
(65, 65, 4, '2025-06-21 00:00:00'),
(66, 66, 4, '2025-06-21 00:00:00'),
(67, 67, 4, '2025-06-21 00:00:00'),
(68, 68, 4, '2025-06-21 00:00:00'),
(69, 69, 4, '2025-06-21 00:00:00'),
(70, 70, 4, '2025-06-21 00:00:00'),
(71, 71, 4, '2025-06-21 00:00:00'),
(72, 72, 4, '2025-06-21 00:00:00'),
(73, 73, 4, '2025-06-21 00:00:00'),
(74, 74, 4, '2025-06-21 00:00:00'),
(75, 75, 4, '2025-06-21 00:00:00'),
(76, 76, 4, '2025-06-21 00:00:00'),
(77, 77, 4, '2025-06-21 00:00:00'),
(78, 78, 4, '2025-06-21 00:00:00'),
(79, 79, 4, '2025-06-21 00:00:00'),
(80, 80, 4, '2025-06-21 00:00:00'),
(81, 81, 5, '2025-06-21 00:00:00'),
(82, 82, 5, '2025-06-21 00:00:00'),
(83, 83, 5, '2025-06-21 00:00:00'),
(84, 84, 5, '2025-06-21 00:00:00'),
(85, 85, 5, '2025-06-21 00:00:00'),
(86, 86, 5, '2025-06-21 00:00:00'),
(87, 87, 5, '2025-06-21 00:00:00'),
(88, 88, 5, '2025-06-21 00:00:00'),
(89, 89, 5, '2025-06-21 00:00:00'),
(90, 90, 5, '2025-06-21 00:00:00'),
(91, 91, 5, '2025-06-21 00:00:00'),
(92, 92, 5, '2025-06-21 00:00:00'),
(93, 93, 5, '2025-06-21 00:00:00'),
(94, 94, 5, '2025-06-21 00:00:00'),
(95, 95, 5, '2025-06-21 00:00:00'),
(96, 96, 5, '2025-06-21 00:00:00'),
(97, 97, 5, '2025-06-21 00:00:00'),
(98, 98, 5, '2025-06-21 00:00:00'),
(99, 99, 5, '2025-06-21 00:00:00'),
(100, 100, 5, '2025-06-21 00:00:00'),
(101, 101, 6, '2025-06-21 00:00:00'),
(102, 102, 6, '2025-06-21 00:00:00'),
(103, 103, 6, '2025-06-21 00:00:00'),
(104, 104, 6, '2025-06-21 00:00:00'),
(105, 105, 6, '2025-06-21 00:00:00'),
(106, 106, 6, '2025-06-21 00:00:00'),
(107, 107, 6, '2025-06-21 00:00:00'),
(108, 108, 6, '2025-06-21 00:00:00'),
(109, 109, 6, '2025-06-21 00:00:00'),
(110, 110, 6, '2025-06-21 00:00:00'),
(111, 111, 6, '2025-06-21 00:00:00'),
(112, 112, 6, '2025-06-21 00:00:00'),
(113, 113, 6, '2025-06-21 00:00:00'),
(114, 114, 6, '2025-06-21 00:00:00'),
(115, 115, 6, '2025-06-21 00:00:00'),
(116, 116, 6, '2025-06-21 00:00:00'),
(117, 117, 6, '2025-06-21 00:00:00'),
(118, 118, 6, '2025-06-21 00:00:00'),
(119, 119, 6, '2025-06-21 00:00:00'),
(120, 120, 6, '2025-06-21 00:00:00'),
(121, 121, 7, '2025-06-21 00:00:00'),
(122, 122, 7, '2025-06-21 00:00:00'),
(123, 123, 7, '2025-06-21 00:00:00'),
(124, 124, 7, '2025-06-21 00:00:00'),
(125, 125, 7, '2025-06-21 00:00:00'),
(126, 126, 7, '2025-06-21 00:00:00'),
(127, 127, 7, '2025-06-21 00:00:00'),
(128, 128, 7, '2025-06-21 00:00:00'),
(129, 129, 7, '2025-06-21 00:00:00'),
(130, 130, 7, '2025-06-21 00:00:00'),
(131, 131, 7, '2025-06-21 00:00:00'),
(132, 132, 7, '2025-06-21 00:00:00'),
(133, 133, 7, '2025-06-21 00:00:00'),
(134, 134, 7, '2025-06-21 00:00:00'),
(135, 135, 7, '2025-06-21 00:00:00'),
(136, 136, 7, '2025-06-21 00:00:00'),
(137, 137, 7, '2025-06-21 00:00:00'),
(138, 138, 7, '2025-06-21 00:00:00'),
(139, 139, 7, '2025-06-21 00:00:00'),
(140, 140, 7, '2025-06-21 00:00:00'),
(141, 141, 8, '2025-06-21 00:00:00'),
(142, 142, 8, '2025-06-21 00:00:00'),
(143, 143, 8, '2025-06-21 00:00:00'),
(144, 144, 8, '2025-06-21 00:00:00'),
(145, 145, 8, '2025-06-21 00:00:00'),
(146, 146, 8, '2025-06-21 00:00:00'),
(147, 147, 8, '2025-06-21 00:00:00'),
(148, 148, 8, '2025-06-21 00:00:00'),
(149, 149, 8, '2025-06-21 00:00:00'),
(150, 150, 8, '2025-06-21 00:00:00'),
(151, 151, 8, '2025-06-21 00:00:00'),
(152, 152, 8, '2025-06-21 00:00:00'),
(153, 153, 8, '2025-06-21 00:00:00'),
(154, 154, 8, '2025-06-21 00:00:00'),
(155, 155, 8, '2025-06-21 00:00:00'),
(156, 156, 8, '2025-06-21 00:00:00'),
(157, 157, 8, '2025-06-21 00:00:00'),
(158, 158, 8, '2025-06-21 00:00:00'),
(159, 159, 8, '2025-06-21 00:00:00'),
(160, 160, 8, '2025-06-21 00:00:00');

INSERT INTO personal_config (user_id, daily_word_limit, review_threshold, start_speed_sec, end_speed_sec, updated_at) 
VALUES ('user0001', 10, 3, 5, 1, '2025-06-21 00:00:00');


INSERT INTO game_sessions (user_id, game_mode, score, duration_sec, correct_count, miss_count, played_at) 
  VALUES ('user0001', 'speed', 100, 60, 20, 5, '2025-06-21 00:00:00');
